{
	"pattrstorage" : 	{
		"name" : "storage",
		"slots" : 		{
			"1" : 			{
				"id" : 1,
				"data" : 				{
					"tseq" : [ 3, 20, 1, 0.4, 0.223529, 0, 1, 1, 0.690196, 0.203922, 0.84, 0, 0.603922, 0.388235, 1, 0.901961, 0.635294, 0, 0.51, 1, 0.631373, 0.156863, 0.63, 0, 0.643137, 0.611765, 0.43, 0.466667, 0.596078, 0, 1, 0.984314, 1, 0.305882, 0.69, 1, 1, 1, 1, 8, 11.521718, 9.947185, 0, 65.406395, 10.712532, 0.0, 2.280782, 8.126341, 0, 65.406395, 0.000131, 0.057871, 4.122806, 11.598919, 0.843478, 440, 0.000373, 0.238683, 2.559412, 9.947185, 0.773913, 329.627563, 0.75677, 0.286008, 11.521718, 2.194804, 0.817391, 261.62558, 6.140005, 0.339506, 11.521718, 7.217016, 0.556522, 220, 1.407497, 0.41358, 2.280782, 8.126341, 0.730435, 164.813782, 1.017412, 0.682871, 4.122806, 0.675532, 0.695652, 220, 2.232074, 0.927984 ]
				}

			}
,
			"2" : 			{
				"id" : 2,
				"data" : 				{
					"tseq" : [ 3, 20, 1, 0.4, 0.223529, 0, 1, 1, 0.690196, 0.203922, 0.84, 0, 0.603922, 0.388235, 1, 0.901961, 0.635294, 0, 0.51, 1, 0.631373, 0.156863, 0.63, 0, 0.643137, 0.611765, 0.43, 0.466667, 0.596078, 0, 1, 0.984314, 1, 0.305882, 0.69, 1, 1, 1, 1, 5, 11.521718, 9.947185, 0.2, 103.826172, 6.140005, 0.0, 2.280782, 8.126341, 0.808696, 523.25116, 6.083641, 0.092593, 4.122806, 8.698804, 0.747826, 440, 0.000935, 0.26749, 5.218724, 9.947185, 0.782609, 261.62558, 0.75677, 0.617284, 11.521718, 9.947185, 0.66087, 220, 6.140005, 0.783951 ]
				}

			}
,
			"3" : 			{
				"id" : 3,
				"data" : 				{
					"tseq" : [ 3, 20, 1, 0.4, 0.223529, 0, 1, 1, 0.690196, 0.203922, 0.84, 0, 0.603922, 0.388235, 1, 0.901961, 0.635294, 0, 0.51, 1, 0.631373, 0.156863, 0.63, 0, 0.643137, 0.611765, 0.43, 0.466667, 0.596078, 0, 1, 0.984314, 1, 0.305882, 0.69, 1, 1, 1, 1, 5, 11.521718, 9.947185, 0.0, 65.406395, 0.000336, 0.0, 2.280782, 8.126341, 0.0, 65.406395, 0.000131, 0.092593, 4.122806, 8.698804, 0, 65.406395, 0.000373, 0.26749, 5.218724, 9.947185, 0.0, 65.406395, 0.75677, 0.617284, 11.521718, 9.947185, 0, 65.406395, 6.140005, 0.783951 ]
				}

			}

		}

	}

}
